JS File,Matched Line from Source
../overte-content/.eslintrc.js,Account
../overte-content/.eslintrc.js,Account
../overte-content/Bazaar/Worlds/HQ_HiFi/content/Releases/usefulUtilities/appLoader/v1.2/appLoader.js,Account
../overte-content/Bazaar/Worlds/HQ_HiFi/content/Releases/usefulUtilities/avatarEntityRemover/2019-03-15_10-23-00/avatarEntityRemover.js,Account
../overte-content/Bazaar/Worlds/HQ_HiFi/content/Releases/usefulUtilities/avatarEntityRemover/2019-03-15_10-23-00/avatarEntityRemover.js,Account
../overte-content/Bazaar/Worlds/HQ_HiFi/content/Releases/usefulUtilities/avatarEntityRemover/2019-03-15_10-23-00/avatarEntityRemover.js,Account
../overte-content/Bazaar/Worlds/HQ_HiFi/content/Releases/usefulUtilities/bouncerZone/2019-01-16_16-30-00/bouncerZone.js,Account
../overte-content/Bazaar/Worlds/HQ_HiFi/content/Releases/usefulUtilities/bouncerZone/2019-01-16_16-30-00/bouncerZone.js,Account
../overte-content/Bazaar/Worlds/HQ_HiFi/content/Releases/usefulUtilities/bouncerZone/2019-01-16_16-30-00/bouncerZone.js,Account
../overte-content/Bazaar/Worlds/HQ_HiFi/content/Releases/usefulUtilities/bouncerZone/2019-09-18_14-12-00/bouncerZone.js,Account
../overte-content/Bazaar/Worlds/HQ_HiFi/content/Releases/usefulUtilities/bouncerZone/2019-09-18_14-12-00/bouncerZone.js,Account
../overte-content/DomainContent/AvatarStore/marketplaceShared.js,Account
../overte-content/DomainContent/AvatarStore/CheckoutZone/checkoutScanner.js,Account
../overte-content/DomainContent/FaceToFace/BouncerZone/BouncerZone.js,Account
../overte-content/DomainContent/FaceToFace/BouncerZone/BouncerZone.js,Account
../overte-content/DomainContent/FaceToFace/BouncerZone/BouncerZone.js,Account
../overte-content/DomainContent/FaceToFace/StageManager/muteTest.js,Account
../overte-content/DomainContent/FaceToFace/StageManager/muteTest.js,Account
../overte-content/DomainContent/Hub/domainStars/starDomains.js,Account
../overte-content/DomainContent/Korea/InstrumentSwitch/instrumentSwitch.js,Account
../overte-content/DomainContent/Korea/InstrumentSwitch/instrumentSwitch.js,Account
../overte-content/DomainContent/Korea/InstrumentSwitch/instrumentSwitch.js,Account
../overte-content/DomainContent/LoadTest/RaffleWheel/raffleWheel.js,Account
../overte-content/DomainContent/LoadTest/RaffleWheel/raffleWheel.js,Account
../overte-content/DomainContent/Rust/DJ-Tools/DJ-Tools_Personal.js,Account
../overte-content/DomainContent/Toybox/blockers/createTestBlocks.js,Account
../overte-content/DomainContent/Toybox/bubblewand/createWand.js,Account
../overte-content/DomainContent/Toybox/bubblewand/wand.js,Account
../overte-content/DomainContent/Toybox/cat/cat.js,Account
../overte-content/DomainContent/Toybox/doll/createDoll.js,Account
../overte-content/DomainContent/Toybox/doll/doll.js,Account
../overte-content/DomainContent/Toybox/flashlight/createFlashlight.js,Account
../overte-content/DomainContent/Toybox/flashlight/flashlight.js,Account
../overte-content/DomainContent/Toybox/lights/lightSwitch.js,Account
../overte-content/DomainContent/Toybox/musicPlayer/musicPlayer.js,Account
../overte-content/DomainContent/Toybox/ping_pong_gun/createPingPongGun.js,Account
../overte-content/DomainContent/Toybox/ping_pong_gun/createTargets.js,Account
../overte-content/DomainContent/Toybox/ping_pong_gun/pingPongGun.js,Account
../overte-content/DomainContent/Toybox/ping_pong_gun/wallTarget.js,Account
../overte-content/DomainContent/Toybox/pistol/pistol.js,Account
../overte-content/DomainSpecificContent/theSpot/HappyKiosk/Happy-Kiosk_Zone_Client.js,Account
../overte-content/DomainSpecificContent/theSpot/HappyKiosk/Happy-Kiosk_Zone_Client.js,Account
../overte-content/DomainSpecificContent/theSpot/moneyTree/entityScripts/moneyTreeBankerClient.js,Account
../overte-content/DomainSpecificContent/theSpot/moneyTree/entityScripts/moneyTreeGiverClient.js,Account
../overte-content/DomainSpecificContent/theSpot/moneyTree/entityScripts/moneyTreeProximityClient.js,Account
../overte-content/DomainSpecificContent/theSpot/moneyTree/entityScripts/moneyTreeProximityClient.js,Account
../overte-content/DomainSpecificContent/theSpot/moneyTree/entityScripts/moneyTreeProximityClient.js,Account
../overte-content/DomainSpecificContent/theSpot/moneyTree/entityScripts/moneyTreeProximityClient.js,Account
../overte-content/DomainSpecificContent/theSpot/moneyTree/entityScripts/moneyTreeProximityClient.js,Account
../overte-content/DomainSpecificContent/theSpot/moneyTree/entityScripts/moneyTreeProximityClient.js,Account
../overte-content/DomainSpecificContent/theSpot/moneyTree/entityScripts/moneyTreeProximityClient.js,Account
../overte-content/DomainSpecificContent/theSpot/moneyTree/entityScripts/moneyTreeProximityClient.js,Account
../overte-content/DomainSpecificContent/theSpot/moneyTree/entityScripts/moneyTreeProximityClient.js,Account
../overte-content/DomainSpecificContent/theSpot/moneyTree/entityScripts/moneyTreeReceiverClient.js,Account
../overte-content/Marketplace/groupTeleport/app/groupTeleportApp.js,Account
../overte-content/Marketplace/groupTeleport/app/groupTeleportApp.js,Account
../overte-content/Marketplace/groupTeleport/app/groupTeleportApp.js,Account
../overte-content/Marketplace/groupTeleport/app/groupTeleportApp.js,Account
../overte-content/Marketplace/groupTeleport/app/groupTeleportApp.js,Account
../overte-content/Marketplace/groupTeleport/app/groupTeleportApp.js,Account
../overte-content/Marketplace/groupTeleport/app/groupTeleportApp.js,Account
../overte-content/Marketplace/groupTeleport/app/groupTeleportApp.js,Account
../overte-content/Prototyping/HappyKiosk/Happy-Kiosk_Zone_Client.js,Account
../overte-content/Prototyping/HappyKiosk/Happy-Kiosk_Zone_Client.js,Account
../overte-content/events/bingo/bingoCardApp/bingoCard_app.js,Account
../overte-content/events/bingo/bingoCardApp/bingoCard_app.js,Account
../overte-content/events/bingo/bingoWinnerApp/bingoWinner_app.js,Account
../overte-content/events/bingo/bingoWinnerApp/bingoWinner_app.js,Account
../overte-content/events/bingo/bingoWinnerApp/bingoWinner_app.js,Account
../overte-content/events/bingo/bingoWinnerApp/bingoWinner_app.js,Account
../overte-content/events/bingo/entityScripts/bingoBouncerZone/bouncerZone.js,Account
../overte-content/events/bingo/entityScripts/bingoBouncerZone/bouncerZone.js,Account
../overte-content/events/bingo/entityScripts/bingoBouncerZone/bouncerZone.js,Account
../overte-content/events/bingo/entityScripts/bingoPrizeDoorZone/bingoPrizeDoorZone.js,Account
../overte-content/events/bingo/entityScripts/bingoPrizeDoorZone/bingoPrizeDoorZone.js,Account
../overte-content/events/bingo/entityScripts/bingoWheel/bingoWheel.js,Account
../overte-content/events/bingo/entityScripts/bingoWheel/bingoWheel.js,Account
../overte-content/events/bingo/entityScripts/bingoWheel/bingoWheel.js,Account
../overte-content/events/bingo/entityScripts/scannerEntryZone/bingoScannerEntryZone.js,Account
../overte-content/events/bingo/entityScripts/scannerZone/bingoScannerZone.js,Account
../overte-content/events/bingo/entityScripts/scannerZone/bingoScannerZone.js,Account
../overte-content/events/bingo/entityScripts/scannerZone/bingoScannerZone.js,Account
../overte-content/events/bingo/serverScripts/scannerEntryZone/bingoScannerEntryZoneServer.js,Account
../overte-content/events/bingo/testApp/bingoTestApp_app.js,Account
../overte-content/events/lastAvatarStandingTrivia/clientScripts/triviaMasterClientStandard.js,Account
../overte-content/events/lastAvatarStandingTrivia/clientScripts/triviaMasterClientStandard.js,Account
../overte-content/events/lastAvatarStandingTrivia/clientScripts/triviaMasterClientStandard.js,Account
../overte-content/events/lastAvatarStandingTrivia/clientScripts/triviaMasterClientStandard.js,Account
../overte-content/events/lastAvatarStandingTrivia/entityScripts/triviaColorCheckBlue.js,Account
../overte-content/events/lastAvatarStandingTrivia/entityScripts/triviaColorCheckGreen.js,Account
../overte-content/events/lastAvatarStandingTrivia/entityScripts/triviaColorCheckRed.js,Account
../overte-content/events/lastAvatarStandingTrivia/entityScripts/triviaColorCheckYellow.js,Account
../overte-content/events/lastAvatarStandingTrivia/entityServerScripts/triviaMasterServer.js,Account
../overte-content/events/multiCon/multiConApp/multiConApp_app.js,Account
../overte-content/events/multiCon/multiConApp/multiConApp_app.js,Account
../overte-content/marketplaceItems/tabletCam/appData/modules/appUi.js,Account
../overte-content/marketplaceItems/tabletCam/appData/modules/appUi.js,Account
../overte-content/marketplaceItems/textToSpeech/hifiScript/appData/modules/appUi.js,Account
../overte-content/marketplaceItems/textToSpeech/hifiScript/appData/modules/appUi.js,Account
../overte-content/marketplaceItems/userInspector/appResources/appData/resources/modules/nameTagListManager.js,Account
../overte-content/marketplaceItems/userInspector/appResources/appData/resources/modules/textHelper.js,Account
../overte-content/usefulUtilities/appLoader/appLoader.js,Account
../overte-content/usefulUtilities/avatarEntityRemover/avatarEntityRemover.js,Account
../overte-content/usefulUtilities/avatarEntityRemover/avatarEntityRemover.js,Account
../overte-content/usefulUtilities/avatarEntityRemover/avatarEntityRemover.js,Account
../overte-content/usefulUtilities/bouncerZone/bouncerZone.js,Account
../overte-content/usefulUtilities/bouncerZone/bouncerZone.js,Account
../overte-content/usefulUtilities/hifiPing/hifiApp/ping_app.js,Account
../overte-content/usefulUtilities/lockedAvatarEntityRemover/lockedAvatarEntityRemover.js,Account
../overte-content/usefulUtilities/officeMat/entityScripts/zones/squareZone.js,Account
../overte-content/usefulUtilities/scriptPauser/scriptPauser.js,Account
../overte-content/usefulUtilities/spawnPointZone/entityResources/entityClientScripts/spawnPointZone.js,Account
../overte-content/usefulUtilities/statusIndicator/hifiScript/statusIndicator.js,Account
../overte-content/usefulUtilities/statusIndicator/hifiScript/statusIndicator.js,Account
../overte-content/usefulUtilities/statusIndicator/hifiScript/statusIndicator.js,Account
../overte-content/usefulUtilities/statusIndicator/hifiScript/zoneEntityScripts/locationZoneClient.js,Account
../overte-content/usefulUtilities/statusIndicator/hifiScript/zoneEntityScripts/locationZoneClient.js,Account
../overte-content/usefulUtilities/userLocation/userLocation.js,Account
../overte-content/usefulUtilities/userLocation/userLocation.js,Account
../overte-content/usefulUtilities/voteApp/appResources/voteApp.js,Account
../overte-content/usefulUtilities/voteApp/appResources/voteApp.js,Account
../overte-content/usefulUtilities/voteApp/appResources/voteApp.js,Account
../overte-content/usefulUtilities/voteApp/appResources/voteApp.js,Account
../overte-content/usefulUtilities/voteApp/appResources/voteApp.js,Account
../overte-content/usefulUtilities/voteApp/appResources/voteApp.js,Account
../overte-content/usefulUtilities/statusIndicator/hifiScript/directoryClientScript/directoryClientScript.js,AddressManager
../overte-content/DomainContent/Toybox/musicPlayer/musicPlayer.js,Avatar.attachmentData
../overte-content/DomainContent/Toybox/musicPlayer/musicPlayer.js,Avatar.attachmentData
../overte-content/Marketplace/guitarGrab/guitarGrab.js,Avatar.attachmentData
../overte-content/Shared/attachmentsShelve/attachmentItemScript.js,Avatar.getAttachmentsVariant
../overte-content/Shared/attachmentsShelve/attachmentItemScript.js,Avatar.setAttachmentsVariant
../overte-content/marketplaceItems/avatarCustomization101/appResources/appData/avatarCustomization101_app.js,Avatar.setAttachmentsVariant
../overte-content/DomainContent/Toybox/musicPlayer/musicPlayer.js,Avatar.attach
../overte-content/DomainContent/Toybox/musicPlayer/musicPlayer.js,Avatar.attach
../overte-content/DomainContent/Toybox/musicPlayer/musicPlayer.js,Avatar.attach
../overte-content/Marketplace/guitarGrab/guitarGrab.js,Avatar.attach
../overte-content/Marketplace/guitarGrab/guitarGrab.js,Avatar.attach
../overte-content/Marketplace/guitarGrab/guitarGrab.js,Avatar.detachOne
../overte-content/Marketplace/guitarGrab/guitarGrab.js,Avatar.detachOne
../overte-content/Marketplace/DANCE/DANCE.js,Controller.Actions.BOOM_IN
../overte-content/Marketplace/DANCE/DANCE.js,Controller.Actions.BOOM_OUT
../overte-content/developerTools/Debugging/controllerTest.js,Controller.Actions.TrackedObject00
../overte-content/developerTools/Debugging/controllerTest.js,Controller.Actions.TrackedObject01
../overte-content/developerTools/Debugging/controllerTest.js,Controller.Actions.TrackedObject02
../overte-content/developerTools/Debugging/controllerTest.js,Controller.Actions.TrackedObject03
../overte-content/developerTools/Debugging/controllerTest.js,Controller.Actions.TrackedObject04
../overte-content/developerTools/Debugging/controllerTest.js,Controller.Actions.TrackedObject05
../overte-content/developerTools/Debugging/controllerTest.js,Controller.Actions.TrackedObject06
../overte-content/developerTools/Debugging/controllerTest.js,Controller.Actions.TrackedObject07
../overte-content/developerTools/Debugging/controllerTest.js,Controller.Actions.TrackedObject08
../overte-content/developerTools/Debugging/controllerTest.js,Controller.Actions.TrackedObject09
../overte-content/developerTools/Debugging/controllerTest.js,Controller.Actions.TrackedObject10
../overte-content/developerTools/Debugging/controllerTest.js,Controller.Actions.TrackedObject11
../overte-content/developerTools/Debugging/controllerTest.js,Controller.Actions.TrackedObject12
../overte-content/developerTools/Debugging/controllerTest.js,Controller.Actions.TrackedObject13
../overte-content/developerTools/Debugging/controllerTest.js,Controller.Actions.TrackedObject14
../overte-content/developerTools/Debugging/controllerTest.js,Controller.Actions.TrackedObject15
../overte-content/DomainSpecificContent/theSpot/moneyTree/ACScripts/ACmoneyTree.js,EntityViewer.setVoxelSizeScale
../overte-content/Prototyping/Domains/ThemePark/Invasion/acServer.js,EntityViewer.setVoxelSizeScale
../overte-content/DomainContent/CellScience/motorProteinControllerAC.js,EntityViewer.setKeyholeRadius
../overte-content/DomainContent/CellScience/moveCellsAC.js,EntityViewer.setKeyholeRadius
../overte-content/DomainContent/CellScience/moveVesiclesAC.js,EntityViewer.setKeyholeRadius
../overte-content/.eslintrc.js,GlobalServices
../overte-content/DomainContent/Toybox/blockers/createTestBlocks.js,GlobalServices
../overte-content/DomainContent/Toybox/bubblewand/createWand.js,GlobalServices
../overte-content/DomainContent/Toybox/bubblewand/wand.js,GlobalServices
../overte-content/DomainContent/Toybox/cat/cat.js,GlobalServices
../overte-content/DomainContent/Toybox/doll/createDoll.js,GlobalServices
../overte-content/DomainContent/Toybox/doll/doll.js,GlobalServices
../overte-content/DomainContent/Toybox/flashlight/createFlashlight.js,GlobalServices
../overte-content/DomainContent/Toybox/flashlight/flashlight.js,GlobalServices
../overte-content/DomainContent/Toybox/lights/lightSwitch.js,GlobalServices
../overte-content/DomainContent/Toybox/musicPlayer/musicPlayer.js,GlobalServices
../overte-content/DomainContent/Toybox/ping_pong_gun/createPingPongGun.js,GlobalServices
../overte-content/DomainContent/Toybox/ping_pong_gun/createTargets.js,GlobalServices
../overte-content/DomainContent/Toybox/ping_pong_gun/pingPongGun.js,GlobalServices
../overte-content/DomainContent/Toybox/ping_pong_gun/wallTarget.js,GlobalServices
../overte-content/DomainContent/Toybox/pistol/pistol.js,GlobalServices
../overte-content/marketplaceItems/tabletCam/appData/modules/appUi.js,GlobalServices
../overte-content/marketplaceItems/tabletCam/appData/modules/appUi.js,GlobalServices
../overte-content/marketplaceItems/tabletCam/appData/modules/appUi.js,GlobalServices
../overte-content/marketplaceItems/tabletCam/appData/modules/appUi.js,GlobalServices
../overte-content/marketplaceItems/tabletCam/appData/modules/appUi.js,GlobalServices
../overte-content/marketplaceItems/textToSpeech/hifiScript/appData/modules/appUi.js,GlobalServices
../overte-content/marketplaceItems/textToSpeech/hifiScript/appData/modules/appUi.js,GlobalServices
../overte-content/marketplaceItems/textToSpeech/hifiScript/appData/modules/appUi.js,GlobalServices
../overte-content/marketplaceItems/textToSpeech/hifiScript/appData/modules/appUi.js,GlobalServices
../overte-content/marketplaceItems/textToSpeech/hifiScript/appData/modules/appUi.js,GlobalServices
../overte-content/DomainContent/Toybox/musicPlayer/musicPlayer.js,MyAvatar.attachmentData
../overte-content/DomainContent/Toybox/musicPlayer/musicPlayer.js,MyAvatar.attachmentData
../overte-content/Marketplace/guitarGrab/guitarGrab.js,MyAvatar.attachmentData
../overte-content/marketplaceItems/sitPoint/appResources/appData/sitClient.js,MyAvatar.characterControllerEnabled
../overte-content/marketplaceItems/sitPoint/appResources/appData/sitClient.js,MyAvatar.characterControllerEnabled
../overte-content/DomainContent/CellScience/Scripts/clickToRideAndLook.js,MyAvatar.addThrust
../overte-content/Marketplace/camera-move/avatar-updater.js,MyAvatar.setThrust
../overte-content/Marketplace/camera-move/modules/movement-utils.js,MyAvatar.setThrust
../overte-content/Marketplace/camera-move/modules/movement-utils.js,MyAvatar.setThrust
../overte-content/.eslintrc.js,Paths
../overte-content/Bazaar/Apps/appreciate/appreciate_app.js,Paths
../overte-content/Bazaar/Apps/appreciate/appreciate_app.js,Paths
../overte-content/Bazaar/Apps/appreciate/appreciate_app.js,Paths
../overte-content/Bazaar/Apps/appreciate/appreciate_app.js,Paths
../overte-content/Bazaar/Apps/appreciate/appreciate_app.js,Paths
../overte-content/Bazaar/inventoryDB/pouchdb.js,Paths
../overte-content/DomainContent/Toybox/blockers/createTestBlocks.js,Paths
../overte-content/DomainContent/Toybox/bubblewand/createWand.js,Paths
../overte-content/DomainContent/Toybox/bubblewand/wand.js,Paths
../overte-content/DomainContent/Toybox/cat/cat.js,Paths
../overte-content/DomainContent/Toybox/doll/createDoll.js,Paths
../overte-content/DomainContent/Toybox/doll/doll.js,Paths
../overte-content/DomainContent/Toybox/flashlight/createFlashlight.js,Paths
../overte-content/DomainContent/Toybox/flashlight/flashlight.js,Paths
../overte-content/DomainContent/Toybox/lights/lightSwitch.js,Paths
../overte-content/DomainContent/Toybox/musicPlayer/musicPlayer.js,Paths
../overte-content/DomainContent/Toybox/ping_pong_gun/createPingPongGun.js,Paths
../overte-content/DomainContent/Toybox/ping_pong_gun/createTargets.js,Paths
../overte-content/DomainContent/Toybox/ping_pong_gun/pingPongGun.js,Paths
../overte-content/DomainContent/Toybox/ping_pong_gun/wallTarget.js,Paths
../overte-content/DomainContent/Toybox/pistol/pistol.js,Paths
../overte-content/Marketplace/camera-move/_json-persist.js,Paths
../overte-content/Marketplace/camera-move/_json-persist.js,Paths
../overte-content/Marketplace/camera-move/_json-persist.js,Paths
../overte-content/Marketplace/camera-move/_json-persist.js,Paths
../overte-content/Marketplace/camera-move/_json-persist.js,Paths
../overte-content/marketplaceItems/tabletCam/appData/tabletCam_app.js,Paths
../overte-content/marketplaceItems/tabletCam/appData/tabletCam_app.js,Paths
../overte-content/marketplaceItems/tabletCam/appData/tabletCam_app.js,Paths
../overte-content/marketplaceItems/tabletCam/appData/tabletCam_app.js,Paths
../overte-content/marketplaceItems/tabletCam/appData/tabletCam_app.js,Paths
../overte-content/Bazaar/Scripts/Bushido/examples/BushidoTestGun.js,Picks.PICK_ENTITIES
../overte-content/Marketplace/camera-move/modules/_utils.js,Script._requireResolve
